{
  "min_anc": 4.066940909795435,
  "cumulative_ox": 4611.59272919888,
  "final_anc": 4.3366719738923445,
  "days_severe_neutropenia": 0,
  "final_utility": 0.5200732499884947,
  "mean_utility": 0.5902134066868756,
  "chronic_neuropathy_onset_day": 127,
  "chronic_neuropathy_threshold_mg": 1590.204389378925,
  "total_cost": 16808.21281812791,
  "mean_daily_cost": 41.91574268859833
}