{
  "min_anc": 4.066940909986113,
  "cumulative_ox": 1431.1839504410327,
  "final_anc": 4.499990489655343,
  "days_severe_neutropenia": 0,
  "final_utility": 0.4321492429127959,
  "mean_utility": 0.5464582472606483,
  "chronic_neuropathy_onset_day": -1,
  "chronic_neuropathy_threshold_mg": 1590.204389378925,
  "total_cost": 5216.341909074184,
  "mean_daily_cost": 28.819568558420908
}