{
  "cumulative_ox": 1989.0,
  "final_anc": 4.417847129051994,
  "min_anc": 4.082714313609674,
  "days_severe_neutropenia": 0,
  "final_utility": 0.52,
  "mean_utility": 0.67646408839779,
  "chronic_neuropathy_onset_day": 127
}